image_name,label
1.png,1807097
2.png,4423765
3.png,2681
4.png,703161
5.png,37224707
6.png,5962
7.png,157907
8.png,73
9.png,2206495
10.png,107063
11.png,495547
12.png,15871
13.png,266935
14.png,216834
15.png,43199
16.png,1272024
17.png,1210
18.png,523
19.png,72
20.png,109
21.png,2288971
22.png,21
23.png,2718446
24.png,3924209
25.png,4361089
26.png,173336
27.png,4315
28.png,19823
29.png,30
30.png,34884
31.png,343
32.png,25102
33.png,330
34.png,51
35.png,17185
36.png,4319
37.png,2707056
38.png,165
39.png,21246
40.png,80708
41.png,1248
42.png,34
43.png,55149
44.png,139188
45.png,14324857
46.png,470888
47.png,1323075
48.png,406
49.png,1305225
50.png,3159336
51.png,388796
52.png,88704
53.png,417182
54.png,365184
55.png,1046212
56.png,2667127
57.png,113857
58.png,113837
59.png,168
60.png,789059
61.png,54749
62.png,534434
63.png,1720
64.png,41719
65.png,42351970
66.png,1720
67.png,4392
68.png,444842
69.png,2170368
70.png,2686
71.png,350155
72.png,105257
73.png,64477
74.png,21702
75.png,275
76.png,2858888
77.png,33244
78.png,357472
79.png,4205
80.png,594931
81.png,6600
82.png,343
83.png,101
84.png,21246
85.png,1082029
86.png,19624
87.png,4327
88.png,73486
89.png,978701
90.png,3390826
91.png,6740213
92.png,18723
93.png,4118
94.png,132926
95.png,869
96.png,4236
97.png,3848
98.png,23434
99.png,1734
100.png,612
101.png,55
102.png,1620
103.png,124933
104.png,86
105.png,2300
106.png,12390607
107.png,3878
108.png,176063
109.png,2246307
110.png,20614
111.png,130222
112.png,715
113.png,145533
114.png,1485
115.png,6483
116.png,238695
117.png,209403
118.png,0
119.png,98
120.png,39646792
121.png,77
122.png,34841
123.png,230281
124.png,55
125.png,144
126.png,20181
127.png,45755
128.png,307969
129.png,3339006
130.png,2281015
131.png,2596628
132.png,4375
133.png,15
134.png,39007
135.png,3835424
136.png,83943
137.png,497774
138.png,2228085
139.png,46
140.png,2510986
141.png,253633
142.png,3357021
143.png,1140
144.png,277837
145.png,29367291
146.png,67399
147.png,219882
148.png,1795561
149.png,9
150.png,697063
151.png,13
152.png,120128
153.png,51453
154.png,9569
155.png,136844
156.png,356413
157.png,81
158.png,9183
159.png,3376
160.png,17232
161.png,2493157
162.png,43
163.png,35437
164.png,943196
165.png,160
166.png,1485
167.png,5848
168.png,75
169.png,1757
170.png,61
171.png,408179
172.png,54
173.png,98
174.png,34
175.png,261777
176.png,27
177.png,870908
178.png,15
179.png,85078
180.png,1591
181.png,30
182.png,4068589
183.png,26073
184.png,10776
185.png,16
186.png,62176
187.png,25574
188.png,3036386
189.png,891146
190.png,1046912
191.png,31978
192.png,3200
193.png,2503132
194.png,280040
195.png,1087865
196.png,5130
197.png,169465
198.png,112135
199.png,1718262
200.png,21134
201.png,2466092
202.png,9073221
203.png,32
204.png,43496
205.png,22572132
206.png,539472
207.png,1622456
208.png,1505944
209.png,45
210.png,272996
211.png,341490
212.png,23521199
213.png,1431
214.png,368934
215.png,171427
216.png,281328
217.png,5638072
218.png,120064
219.png,4392
220.png,196988
221.png,232761
222.png,1060502
223.png,150
224.png,2628
225.png,216
226.png,42238133
227.png,5130
228.png,93
229.png,1773417
230.png,14434
231.png,9200126
232.png,429182
233.png,1335864
234.png,17255
235.png,248294
236.png,8784
237.png,5
238.png,44647
239.png,44194
240.png,800
241.png,426443
242.png,10158229
243.png,98466
244.png,1140
245.png,999
246.png,597981
247.png,51
248.png,1696
249.png,105
250.png,1151845
251.png,952924
252.png,863931
253.png,100458
254.png,934467
255.png,45716
256.png,259555
257.png,447738
258.png,3864757
259.png,35349
260.png,86
261.png,234316
262.png,135162
263.png,234558
264.png,422085
265.png,2000
266.png,109053
267.png,5705
268.png,2199
269.png,3468791
270.png,116704
271.png,28440
272.png,2038
273.png,1121026
274.png,1630895
275.png,2064853
276.png,93
277.png,2979578
278.png,36
279.png,2935947
280.png,34
281.png,95055
282.png,720
283.png,500
284.png,1791420
285.png,72352
286.png,74186
287.png,40
288.png,952733
289.png,77761
290.png,9516
291.png,1646708
292.png,6000
293.png,1617531
294.png,6238
295.png,597317
296.png,546828
297.png,1429837
298.png,2000
299.png,7090053
300.png,1386836
301.png,333766
302.png,331894
303.png,1463
304.png,11711
305.png,1617101
306.png,313834
307.png,910048
308.png,188
309.png,7096
310.png,550583
311.png,101
312.png,61724
313.png,111327
314.png,357822
315.png,216386
316.png,248
317.png,51
318.png,91
319.png,4
320.png,219917
321.png,2447998
322.png,328119
323.png,1612553
324.png,58
325.png,80
326.png,458171
327.png,3958184
328.png,16025
329.png,16025
330.png,50001
331.png,88026
332.png,5168217
333.png,27722622
334.png,365184
335.png,264927
336.png,1757
337.png,14809231
338.png,95
339.png,15
340.png,92
341.png,18000
342.png,2315837
343.png,23
344.png,3120735
345.png,147321
346.png,1734819
347.png,1868980
348.png,3468
349.png,21198
350.png,3298982
351.png,80
352.png,15136
353.png,3132893
354.png,57588
355.png,55
356.png,846016
357.png,194976
358.png,8473
359.png,750117
360.png,853098
361.png,89303
362.png,301545
363.png,95486
364.png,41391
365.png,220678
366.png,64
367.png,349
368.png,39
369.png,1431994
370.png,2047876
371.png,770689
372.png,2974253
373.png,2050129
374.png,991235
375.png,2595823
376.png,320618
377.png,819686
378.png,28099512
379.png,21763
380.png,2337484
381.png,2980
382.png,30099
383.png,19
384.png,921265
385.png,6356
386.png,37689
387.png,27707
388.png,410
389.png,98
390.png,87334
391.png,828226
392.png,59524
393.png,96969
394.png,70
395.png,465810
396.png,50
397.png,1285411
398.png,210
399.png,163401
400.png,42473670
401.png,1112492
402.png,440461
403.png,1696
404.png,729059
405.png,70
406.png,90
407.png,133925
408.png,48211
409.png,20
410.png,500
411.png,3625
412.png,45
413.png,92
414.png,188
415.png,3063839
416.png,30
417.png,715
418.png,19380
419.png,10120466
420.png,65
421.png,8175
422.png,570
423.png,45268
424.png,136372
425.png,5000
426.png,31946
427.png,409447
428.png,1148862
429.png,110235
430.png,18459
431.png,1540
432.png,109599
433.png,7
434.png,2043397
435.png,39630
436.png,2986471
437.png,2363203
438.png,330
439.png,30544
440.png,525
441.png,405234
442.png,15664
443.png,1218506
444.png,37689
445.png,669173
446.png,1511933
447.png,95
448.png,422085
449.png,122390
450.png,105135
451.png,162
452.png,11368
453.png,39943
454.png,298791
455.png,1757
456.png,1935413
457.png,11700
458.png,26
459.png,2401755
460.png,21547
461.png,3625
462.png,358844
463.png,9
464.png,22281
465.png,1848201
466.png,164430
467.png,46426
468.png,312458
469.png,38287
470.png,139253
471.png,489494
472.png,302915
473.png,10010153
474.png,89402
475.png,472297
476.png,1268
477.png,188419
478.png,1110436
479.png,413158
480.png,336861
481.png,358844
482.png,28939
483.png,131687
484.png,271073
485.png,4864
486.png,275
487.png,20
488.png,1049898
489.png,259526
490.png,550262
491.png,3025411
492.png,2276
493.png,168
494.png,99869
495.png,66888
496.png,38
497.png,961798
498.png,40
499.png,210
500.png,493038
501.png,473107
502.png,804436
503.png,1764747
504.png,831
505.png,381289
506.png,78
507.png,41391
508.png,1200
509.png,37
510.png,47190
511.png,21628
512.png,1081267
513.png,2563323
514.png,361914
515.png,163571
516.png,22
517.png,1784681
518.png,300
519.png,325941
520.png,39804699
521.png,27391
522.png,252536
523.png,72323
524.png,1515
525.png,726925
526.png,1363844
527.png,29473052
528.png,12
529.png,3612
530.png,2668
531.png,19297
532.png,3681716
533.png,1472934
534.png,57
535.png,1078837
536.png,833368
537.png,124137
538.png,13
539.png,224056
540.png,3465
541.png,1385336
